State,2022_vs_2021
GA,130.00%
DC,13.04%
AK,12.50%
ND,9.38%
RI,3.57%
VT,4.17%
DE,2.94%
AZ,0.00%
CO,0.00%
ID,0.00%
MA,0.00%
IL,0.00%
OR,0.00%
ME,-2.78%
OK,-3.23%
UT,0.00%
TX,-3.23%
NM,-3.03%
CA,-5.88%
NV,-2.63%
LA,-3.70%
MS,-7.89%
NY,-8.33%
KS,-8.33%
NC,-6.45%
MI,-7.69%
MO,-7.41%
PA,-7.41%
TN,-11.11%
AL,-9.09%
MN,-10.34%
HI,-11.76%
WA,-12.90%
VA,-14.29%
MT,-12.50%
CT,-13.64%
WV,-12.90%
KY,-15.15%
NJ,-12.00%
IN,-13.04%
NH,-20.00%
OH,-16.67%
SC,-18.60%
MD,-20.00%
WY,-18.64%
FL,-17.95%
NE,-20.00%
IA,-23.53%
WI,-25.93%
AR,-30.43%
SD,-32.65%