State,Type,Percent_Change,2022,2021
RI,WaitTimes,8700.00%,440,5
NH,WaitTimes,4437.50%,363,8
CT,WaitTimes,2393.33%,374,15
PR,WaitTimes,848.89%,427,45
DC,WaitTimes,355.77%,237,52
OH,WaitTimes,206.67%,46,15
KY,WaitTimes,166.67%,16,6
AR,WaitTimes,137.50%,38,16
IN,WaitTimes,131.82%,51,22
VA,WaitTimes,126.67%,34,15
NY,WaitTimes,122.73%,49,22
NJ,WaitTimes,122.22%,40,18
MA,WaitTimes,114.29%,45,21
TX,WaitTimes,90.48%,40,21
IL,WaitTimes,84.21%,35,19
SC,WaitTimes,70.59%,29,17
MO,WaitTimes,68.75%,27,16
CA,WaitTimes,68.00%,42,25
UT,WaitTimes,66.67%,25,15
WY,WaitTimes,62.50%,26,16
CO,WaitTimes,57.58%,52,33
TN,WaitTimes,55.00%,31,20
GA,WaitTimes,54.17%,37,24
MD,WaitTimes,52.63%,29,19
MN,WaitTimes,46.67%,22,15
IA,WaitTimes,45.83%,35,24
HI,WaitTimes,39.29%,39,28
LA,WaitTimes,36.00%,34,25
NC,WaitTimes,36.00%,34,25
WA,WaitTimes,33.33%,24,18
ID,WaitTimes,30.00%,26,20
SD,WaitTimes,29.41%,22,17
OK,WaitTimes,26.09%,29,23
FL,WaitTimes,19.44%,43,36
PA,WaitTimes,16.67%,21,18
AL,WaitTimes,13.33%,17,15
MI,WaitTimes,12.50%,18,16
DE,WaitTimes,10.00%,22,20
NV,WaitTimes,10.00%,33,30
WV,WaitTimes,10.00%,22,20
KS,WaitTimes,5.88%,18,17
WI,WaitTimes,5.88%,18,17
ME,WaitTimes,-7.38%,364,393
VT,WaitTimes,-10.00%,9,10
AZ,WaitTimes,-16.67%,25,30
NE,WaitTimes,-23.08%,20,26
MS,WaitTimes,-46.15%,7,13
OR,WaitTimes,-48.98%,25,49
MT,WaitTimes,-50.00%,8,16
NM,WaitTimes,-62.26%,20,53
ND,WaitTimes,-78.26%,5,23
RI,ReservationTimes,122.30%,3.29,1.48
VT,ReservationTimes,121.46%,5.78,2.61
AL,ReservationTimes,58.52%,3.63,2.29
OK,ReservationTimes,47.66%,1.58,1.07
AZ,ReservationTimes,41.24%,4.11,2.91
MA,ReservationTimes,39.38%,3.61,2.59
WI,ReservationTimes,39.08%,3.31,2.38
NE,ReservationTimes,38.21%,3.4,2.46
VA,ReservationTimes,32.67%,2.68,2.02
TN,ReservationTimes,31.16%,3.62,2.76
MD,ReservationTimes,28.99%,2.18,1.69
FL,ReservationTimes,28.79%,3.4,2.64
MO,ReservationTimes,26.67%,3.04,2.4
WA,ReservationTimes,25.69%,3.18,2.53
CO,ReservationTimes,25.00%,2.45,1.96
IL,ReservationTimes,25.00%,3.3,2.64
SC,ReservationTimes,22.16%,4.63,3.79
NC,ReservationTimes,21.66%,3.37,2.77
TX,ReservationTimes,20.35%,2.07,1.72
NH,ReservationTimes,19.67%,2.86,2.39
LA,ReservationTimes,19.42%,2.89,2.42
MS,ReservationTimes,19.10%,4.24,3.56
OH,ReservationTimes,17.32%,2.1,1.79
NY,ReservationTimes,17.30%,3.73,3.18
MN,ReservationTimes,17.13%,2.12,1.81
MI,ReservationTimes,16.79%,3.27,2.8
KY,ReservationTimes,15.14%,3.27,2.84
IA,ReservationTimes,14.76%,3.11,2.71
UT,ReservationTimes,10.68%,2.59,2.34
DE,ReservationTimes,10.29%,1.5,1.36
NM,ReservationTimes,9.20%,2.85,2.61
AR,ReservationTimes,9.09%,2.52,2.31
ID,ReservationTimes,7.83%,3.58,3.32
PA,ReservationTimes,7.49%,3.3,3.07
DC,ReservationTimes,7.36%,2.77,2.58
CA,ReservationTimes,6.29%,3.21,3.02
ND,ReservationTimes,6.14%,1.21,1.14
NV,ReservationTimes,5.88%,2.34,2.21
GA,ReservationTimes,3.61%,2.87,2.77
IN,ReservationTimes,1.33%,3.82,3.77
NJ,ReservationTimes,-1.98%,2.48,2.53
MT,ReservationTimes,-2.08%,4.24,4.33
CT,ReservationTimes,-7.50%,1.85,2
ME,ReservationTimes,-10.78%,3.89,4.36
HI,ReservationTimes,-11.82%,9.18,10.41
KS,ReservationTimes,-14.61%,1.52,1.78
AK,ReservationTimes,-16.34%,1.69,2.02
OR,ReservationTimes,-17.32%,3.15,3.81
WV,ReservationTimes,-27.87%,3.08,4.27